소유자,소유자id,소유자type,데이터,값,파일,생성기관,행동,날짜,기타정보,행위자,행위자id,행위자type,시작기간,종료기간,가격,동의여부
이상우,880514-1520414,개인,차번호,21바1542,,국토교통부,생성,20180304,,,,,,,,
이상우,880514-1520414,개인,주소,서울 용산구,,행정안전부,생성,20190106,,,,,,,,
이상우,880514-1520414,개인,주민번호,880514-1520414,,행정안전부,생성,20171124,,,,,,,,
이상우,880514-1520414,개인,주민번호,880514-1520414,,행정안전부,제공,20200507,,네이버,451-84-65752,기관,20201211,20291205,510000,Yes
이상우,880514-1520414,개인,주소,서울 용산구,,행정안전부,제공,20200507,,온누리약국,210-42-51345,기관,20190511,20251205,300000,Yes
이상우,880514-1520414,개인,차번호,21바1542,,국토교통부,가공,20200507,익명화,,,,,,,
이상우,880514-1520414,개인,은행계좌,101-3152-12341,,국민은행,생성,20200405,,,,,,,,
이상우,880514-1520414,개인,졸업증명서,,certificate2.pdf,고려대학교,생성,20200905,,,,,,,,
이상우,880514-1520414,개인,은행계좌,101-3152-12341,,국민은행,가공,20200809,암호화,,,,,,,
이상우,880514-1520414,개인,졸업증명서,,certificate2.pdf,고려대학교,제공,20250406,,경찰청,124-12-34520,기관,20200408,20300504,150000,No
강민석,901421-1154275,개인,차번호,10다7777,,국토교통부,생성,20031212,,,,,,,,
강민석,901421-1154275,개인,주소,서울 강남구,,행정안전부,생성,20100516,,,,,,,,
강민석,901421-1154275,개인,주민번호,901421-1154275,,행정안전부,생성,20150218,,,,,,,,
강민석,901421-1154275,개인,졸업증명서,,certificate.pdf,한국대학교,생성,20151106,,,,,,,,
강민석,901421-1154275,개인,은행계좌,01-3152-45712,,신한은행,생성,20200507,,,,,,,,
강민석,901421-1154275,개인,주소,서울 강남구,,행정안전부,제공,20200507,,서울도시가스,157-54-65792,기관,20190119,20301024,152000,No
강민석,901421-1154275,개인,차번호,10다7777,,국토교통부,가공,20200507,암호화,,,,,,,
강민석,901421-1154275,개인,주민번호,901421-1154275,,행정안전부,제공,20150908,,우리은행,124-64-12453,기관,20200101,20300101,270000,Yes
김유정,920514-2087456,개인,직장,네이버,,네이버,생성,20080106,,,,,,,,
김유정,920514-2087456,개인,범죄기록,,record.pdf,경찰청,생성,20110618,,,,,,,,
김유정,920514-2087456,개인,여권,,passport.pdf,행정안전부,생성,20090403,,,,,,,,
김유정,920514-2087456,개인,직장,네이버,,네이버,제공,20151119,,인터파크,140-12-45632,기관,20160101,20290101,250000,Yes
김유정,920514-2087456,개인,직장,네이버,,네이버,가공,20131105,암호화,,,,,,,
김유정,920514-2087456,개인,여권,,passport.pdf,행정안전부,제공,20130512,,국토교통부,124-12-57685,기관,20151112,20310509,600000,No
박성윤,930501-1154218,개인,직장,상명대학교,,상명대학교,생성,20010506,,`,,,,,,
박성윤,930501-1154218,개인,여권,,pass.pdf,행정안전부,생성,20000708,,,,,,,,
박성윤,930501-1154218,개인,직장,상명대학교,,상명대학교,제공,20090105,,우리은행,124-64-12453,기관,,,,
박성윤,930501-1154218,개인,여권,,pass.pdf,행정안전부,제공,20050709,,KT,102-54-76543,기관,,,,
박성윤,930501-1154218,개인,여권,,pass.pdf,행정안전부,가공,20101105,익명화,,,,,,,
박성윤,930501-1154218,개인,직장,상명대학교,,상명대학교,가공,20131012,암호화,,,,,,,
김수정,940622-2154629,개인,주민번호,940622-2154629,,행정안전부,생성,20101025,,,,,,,,
김수정,940622-2154629,개인,주소,인천 남동구,,행정안전부,생성,20031112,,,,,,,,
김수정,940622-2154629,개인,주민번호,940622-2154629,,행정안전부,가공,20110105,익명화,,,,,,,
김수정,940622-2154629,개인,주소,인천 남동구,,행정안전부,가공,20121204,익명화,,,,,,,
김수정,940622-2154629,개인,차번호,214나7785,,행정안전부,생성,20090105,,,,,,,,
김수정,940622-2154629,개인,은행계좌,445-154-456518,,신한은행,생성,20100507,,,,,,,,
김수정,940622-2154629,개인,은행계좌,445-154-456518,,신한은행,가공,20110507,암호화,,,,,,,
김수정,940622-2154629,개인,은행계좌,445-154-456518,,신한은행,제공,20151216,,LG,215-40-78965,기관,20160101,20250403,240000,Yes
구민성,950124-1150147,개인,직장,우리은행,,우리은행,생성,20121204,,,,,,,,
구민성,950124-1150147,개인,범죄기록,,record2.pdf,검찰청,생성,20111104,,,,,,,,
구민성,950124-1150147,개인,구매내역,,list.pdf,인터파크,생성,20130524,,,,,,,,
구민성,950124-1150147,개인,직장,우리은행,,우리은행,가공,20190504,암호화,,,,,,,
구민성,950124-1150147,개인,범죄기록,,record2.pdf,검찰청,가공,20200405,익명화,,,,,,,
구민성,950124-1150147,개인,여권,,passport2.pdf,행정안전부,생성,20100708,,,,,,,,
구민성,950124-1150147,개인,여권,,passport2.pdf,행정안전부,제공,20150405,,네이버,451-84-65752,기관,20170506,20200504,250000,Yes
구민성,950124-1150147,개인,직장,우리은행,,우리은행,제공,20200401,,보건복지부,154-65-78612,기관,20200805,20251130,240000,No
김예림,890105-2104547,개인,전입일,20090504,,행정안전부,생성,20101105,,,,,,,,
김예림,890105-2104547,개인,연봉,1억 3천만원,,카카오,생성,20131012,,,,,,,,
김예림,890105-2104547,개인,신용 등급,4등급,,기업은행,생성,20101025,,,,,,,,
김예림,890105-2104547,개인,전입일,20090504,,행정안전부,제공,20110504,,,,,,,,
김예림,890105-2104547,개인,연봉,1억 3천만원,,카카오,제공,20120408,,,,,,,,
김예림,890105-2104547,개인,신용 등급,4등급,,기업은행,가공,20130507,암호화,,,,,,,
김예림,890105-2104547,개인,전입일,20090504,,행정안전부,가공,20150406,익명화,,,,,,,
김예림,890105-2104547,개인,연봉,1억 3천만원,,카카오,가공,20121204,암호화,,,,,,,
오진우,900804-1354179,개인,전입일,20110408,,행정안전부,생성,20130524,,,,,,,,
오진우,900804-1354179,개인,연봉,8천만원,,인터파크,생성,20190504,,,,,,,,
오진우,900804-1354179,개인,신용 등급,7등급,,기업은행,생성,20200405,,,,,,,,
오진우,900804-1354179,개인,전입일,20110408,,행정안전부,제공,20100708,,온누리약국,210-42-51345,기관,20020401,20100405,300000,No
오진우,900804-1354179,개인,연봉,8천만원,,인터파크,제공,20150405,,보건복지부,154-65-78612,기관,20120406,20200504,212000,Yes
오진우,900804-1354179,개인,신용 등급,7등급,,기업은행,가공,20110504,암호화,,,,,,,
오진우,900804-1354179,개인,구매액,,list2.pdf,쿠팡,생성,20110507,,,,,,,,
한민지,900405-132454,개인,학점,4.2,,고려대학교,생성,20120408,,,,,,,,
한민지,900405-132454,개인,수도사용량,,record3.pdf,서울도시가스,생성,20120408,,,,,,,,
한민지,900405-132455,개인,범죄기록,,record4.pdf,검찰청,생성,20130507,,,,,,,,
한민지,900405-132456,개인,학점,4.2,,고려대학교,가공,20150406,익명화,,,,,,,
한민지,900405-132457,개인,수도사용량,,record3.pdf,서울도시가스,가공,20150407,암호화,,,,,,,
한민지,900405-132458,개인,범죄기록,,record4.pdf,검찰청,제공,20150408,,온누리약국,210-42-51345,기관,20140507,20160807,450000,Yes
한민지,900405-132459,개인,출입기록,,record5.pdf,행정안전부,생성,20181004,,,,,,,,
이시윤,910507-110543,개인,수도사용량,,record6.pdf,서울도시가스,생성,20100708,,,,,,,,
이시윤,910507-110543,개인,범죄기록,,record7.pdf,검찰청,생성,20150405,,,,,,,,
이시윤,910507-110543,개인,학점,3.75,,상명대학교,생성,20110504,,,,,,,,
이시윤,910507-110543,개인,수도사용량,,record6.pdf,서울도시가스,제공,20110507,,교육부,954-67-75315,기관,20150406,20200504,42000,Yes
이시윤,910507-110543,개인,범죄기록,,record7.pdf,검찰청,제공,20110508,,인터파크,140-12-45632,기관,20150408,20200709,150000,No
이시윤,910507-110543,개인,학점,3.75,,상명대학교,제공,20110509,,참사랑치과,795-13-55721,기관,20160507,20201104,16000,No
이시윤,910507-110543,개인,수도사용량,,record6.pdf,서울도시가스,가공,20110510,익명화,,,,,,,
이시윤,910507-110543,개인,범죄기록,,record7.pdf,검찰청,가공,20110511,암호화,,,,,,,
